id,nome,sobrenome,dataCadastro
1,1,1,2018-10-08 12:59:31
2,2,2,2018-10-08 12:59:31
3,teste,teste,2018-10-08 12:59:31
4,Fernandes,Fernandes,2018-10-08 12:59:31
5,teste,teste,2018-10-08 12:59:31
6,Fernandes,Fernandes,2018-10-08 12:59:31
7,Fernandes,Fernandes,2018-10-08 12:59:31
8,8,8,2018-10-08 12:59:31
9,Flavio,Fernandes,2018-10-08 12:59:34
10,Flavio,Fernandes,2018-10-08 12:59:55
11,Flavio,Fernandes,2018-10-08 13:00:30
12,Fernandes,Fernandes,2018-10-08 13:02:27
13,Fernandes,Fernandes,2018-10-08 13:02:42
